<list>
  <m label="文学艺术">
    <m label="西安交通大学《艺术思维与方法》">
      <m type="2" label="第1集" src="http://mov.bn.netease.com/movie/2012/3/O/L/S7T0U9TOL.flv" />
      <m type="2" label="第2集" src="http://mov.bn.netease.com/movie/2012/3/P/2/S7T0UPAP2.flv" />
      <m type="2" label="第3集" src="http://mov.bn.netease.com/movie/2012/3/B/L/S7T0UTDBL.flv" />
      <m type="2" label="第4集" src="http://mov.bn.netease.com/movie/2012/5/M/7/S814076M7.flv" />
      <m type="2" label="第5集" src="http://mov.bn.netease.com/movie/2012/6/K/R/S827RRDKR.flv" />
      <m type="2" label="第6集" src="http://mov.bn.netease.com/movie/2012/6/Q/1/S83BJLDQ1.flv" />
      <m type="2" label="第7集" src="http://mov.bn.netease.com/movie/2012/6/M/I/S83TJ5AMI.flv" />
      <m type="2" label="第8集" src="http://mov.bn.netease.com/movie/2012/7/M/9/S84FVVNM9.flv" />
    </m>
    <m label="浙江大学《西方视角的中国传统艺术》">
      <m type="2" label="谁的艺术史" src="http://mov.bn.netease.com/movie/2012/3/Q/H/S7T0U0DQH.flv" />
      <m type="2" label="形式与风格（一）" src="http://mov.bn.netease.com/movie/2012/3/D/U/S7T0U45DU.flv" />
      <m type="2" label="形式与风格（二）" src="http://mov.bn.netease.com/movie/2012/3/J/5/S7T0UP6J5.flv" />
      <m type="2" label="西方视角的中国传统艺术" src="http://mov.bn.netease.com/movie/2012/5/U/N/S81EAUPUN.flv" />
      <m type="2" label="品位" src="http://mov.bn.netease.com/movie/2012/6/O/B/S82PSQ6OB.flv" />
    </m>
    <m label="南京大学《诗意人生五典型》">
      <m type="2" label="陶渊明" src="http://mov.bn.netease.com/movie/2012/3/R/U/S7T0T7ERU.flv" />
      <m type="2" label="李白（上）" src="http://mov.bn.netease.com/movie/2012/3/P/U/S7T0T97PU.flv" />
      <m type="2" label="李白（下）" src="http://mov.bn.netease.com/movie/2012/3/T/A/S7T0T6OTA.flv" />
      <m type="2" label="杜甫（上）" src="http://mov.bn.netease.com/movie/2012/5/L/F/S8140DKLF.flv" />
      <m type="2" label="杜甫（下）" src="http://mov.bn.netease.com/movie/2012/6/R/H/S827R42RH.flv" />
      <m type="2" label="白居易" src="http://mov.bn.netease.com/movie/2012/6/5/G/S83BJ355G.flv" />
      <m type="2" label="苏轼（上）" src="http://mov.bn.netease.com/movie/2012/6/6/K/S83TIJR6K.flv" />
      <m type="2" label="苏轼（下）" src="http://mov.bn.netease.com/movie/2012/7/L/K/S84FVBKLK.flv" />
    </m>
    <m label="华南理工大学《走进交响音乐的世界》">
      <m type="2" label="交响乐队的乐器" src="http://mov.bn.netease.com/movie/2012/1/S/A/S7M3M3RSA.flv" />
      <m type="2" label="交响乐队的组成" src="http://mov.bn.netease.com/movie/2012/1/H/I/S7M3LUVHI.flv" />
      <m type="2" label="交响音乐的体裁（一）序曲" src="http://mov.bn.netease.com/movie/2012/1/Q/2/S7M3LVGQ2.flv" />
      <m type="2" label="交响音乐的体裁（二）舞曲" src="http://mov.bn.netease.com/movie/2012/1/H/H/S7N0229HH.flv" />
      <m type="2" label="交响音乐的体裁（三）组曲" src="http://mov.bn.netease.com/movie/2012/1/U/K/S7N01VFUK.flv" />
      <m type="2" label="交响音乐的体裁（四）交响曲" src="http://mov.bn.netease.com/movie/2012/2/D/A/S7P8G63DA.flv" />
      <m type="2" label="交响音乐的体裁（五）协奏曲" src="http://mov.bn.netease.com/movie/2012/2/5/J/S7QEI3K5J.flv" />
      <m type="2" label="交响音乐的体裁（六）交响诗、交响音画" src="http://mov.bn.netease.com/movie/2012/2/B/P/S7QEIC9BP.flv" />
      <m type="2" label="交响音乐的体裁（七）交响清唱剧" src="http://mov.bn.netease.com/movie/2012/3/K/2/S7QTNQVK2.flv" />
      <m type="2" label="交响音乐的体裁（八）管弦乐小品" src="http://mov.bn.netease.com/movie/2012/3/6/P/S7RI2246P.flv" />
      <m type="2" label="管乐合奏" src="http://mov.bn.netease.com/movie/2012/3/Q/K/S7S3MNJQK.flv" />
      <m type="2" label="弦乐合奏" src="http://mov.bn.netease.com/movie/2012/3/T/T/S7S3MMMTT.flv" />
      <m type="2" label="交响乐队的指挥、交响音乐的风格" src="http://mov.bn.netease.com/movie/2012/3/9/I/S7S3MVJ9I.flv" />
    </m>
    <m label="山东大学《中国审美文化史》">
      <m type="2" label="绪论：文明与文化" src="http://mov.bn.netease.com/movie/2012/1/5/J/S7M3NA25J.flv" />
      <m type="2" label="艺术、审美、文化三题 1" src="http://mov.bn.netease.com/movie/2012/1/6/K/S7M3N3H6K.flv" />
      <m type="2" label="艺术、审美、文化三题 2" src="http://mov.bn.netease.com/movie/2012/1/D/O/S7M3N7BDO.flv" />
      <m type="2" label="儒、释、道在中国艺术史上的作用 1" src="http://mov.bn.netease.com/movie/2012/2/4/9/S7OM9UD49.flv" />
      <m type="2" label="儒、释、道在中国艺术史上的作用 2" src="http://mov.bn.netease.com/movie/2012/2/S/K/S7OMA1LSK.flv" />
      <m type="2" label="彩陶绘饰中的生殖意味" src="http://mov.bn.netease.com/movie/2012/2/M/U/S7PPS4TMU.flv" />
      <m type="2" label="商周青铜艺术的审美风尚的变迁" src="http://mov.bn.netease.com/movie/2012/2/C/N/S7PPS8ACN.flv" />
      <m type="2" label="秦汉之际的大美景观" src="http://mov.bn.netease.com/movie/2012/2/G/U/S7QEHPLGU.flv" />
      <m type="2" label="自我超越与魏晋风度" src="http://mov.bn.netease.com/movie/2012/2/H/E/S7QEHUHHE.flv" />
      <m type="2" label="儒、释、道对唐代诗歌的影响" src="http://mov.bn.netease.com/movie/2012/3/4/9/S7QTNCE49.flv" />
      <m type="2" label="宋代的教育与审美文化" src="http://mov.bn.netease.com/movie/2012/3/S/D/S7QTNIESD.flv" />
      <m type="2" label="元代青花瓷的文化意蕴" src="http://mov.bn.netease.com/movie/2012/3/8/R/S7RHT548R.flv" />
      <m type="2" label="明代的文化转型与审美新变" src="http://mov.bn.netease.com/movie/2012/3/V/R/S7RI1OPVR.flv" />
      <m type="2" label="清代的文化集成与审美大观" src="http://mov.bn.netease.com/movie/2012/3/8/N/S7S3O7L8N.flv" />
    </m>
    <m label="中国科技大学《陶瓷艺术鉴赏与制作》">
      <m type="2" label="中华瓷：传奇的陶瓷之路的故事" src="http://mov.bn.netease.com/movie/2012/1/T/7/S7M3KEMT7.flv" />
      <m type="2" label="青花瓷：从波斯的蓝彩到中国的图式" src="http://mov.bn.netease.com/movie/2012/1/R/4/S7M3KE2R4.flv" />
      <m type="2" label="从陶文化看陶艺的起源" src="http://mov.bn.netease.com/movie/2012/1/B/F/S7M3KEUBF.flv" />
      <m type="2" label="彩陶之美" src="http://mov.bn.netease.com/movie/2012/2/Q/M/S7OMD4SQM.flv" />
      <m type="2" label="陶俑之美" src="http://mov.bn.netease.com/movie/2012/2/E/J/S7PPSEBEJ.flv" />
      <m type="2" label="陶瓷的烧制工艺" src="http://mov.bn.netease.com/movie/2012/3/I/O/S7RHQNMIO.flv" />
      <m type="2" label="陶瓷艺术鉴赏与当代科技的交融" src="http://mov.bn.netease.com/movie/2012/3/O/K/S7S3MN2OK.flv" />
    </m>
    <m label="中山大学《视觉文化批评》">
      <m type="2" label="样式与观念:如何解读建筑的意义" src="http://mov.bn.netease.com/movie/2011/11/3/7/S7HBC8R37.flv" />
      <m type="2" label="建筑史镜像:挪用、匹配与象征" src="http://mov.bn.netease.com/movie/2011/11/M/H/S7HBCJMMH.flv" />
      <m type="2" label="依附的表征:民族建筑在中国的命运" src="http://mov.bn.netease.com/movie/2011/11/D/2/S7HBCQVD2.flv" />
      <m type="2" label="认同与误读:建筑的文化冲突与融合" src="http://mov.bn.netease.com/movie/2011/11/L/7/S7I56F8L7.flv" />
      <m type="2" label="节约与炫耀：形象竞赛与建筑生产" src="http://mov.bn.netease.com/movie/2011/11/F/I/S7IF9K4FI.flv" />
    </m>
    <m label="四川大学《中国诗歌艺术》">
      <m type="2" label="风雨江山之外:中国诗人的诗心" src="http://mov.bn.netease.com/movie/2011/11/Q/7/S7HB5Q4Q7.flv" />
      <m type="2" label="含不尽之意见于言外:诗的语言张力" src="http://mov.bn.netease.com/movie/2011/11/9/6/S7HB5QE96.flv" />
      <m type="2" label="感觉的乾坤大挪移:诗的通感" src="http://mov.bn.netease.com/movie/2011/11/D/B/S7HB5PVDB.flv" />
      <m type="2" label="有限向无限拓展:诗的艺术时空" src="http://mov.bn.netease.com/movie/2011/11/A/6/S7I5NCFA6.flv" />
      <m type="2" label="信号与信息——中国诗歌的用典艺术" src="http://mov.bn.netease.com/movie/2011/11/F/G/S7IF8PAFG.flv" />
    </m>
    <m label="南开大学《六大名著导读》">
      <m type="2" label="《三国演义》从文化传统看三国" src="http://mov.bn.netease.com/movie/2011/11/G/6/S7HB50JG6.flv" />
      <m type="2" label="《三国演义》独特魅力之所在" src="http://mov.bn.netease.com/movie/2011/11/2/K/S7HB4PB2K.flv" />
      <m type="2" label="《水浒传》从文化传统看水浒" src="http://mov.bn.netease.com/movie/2011/11/3/B/S7HB4GL3B.flv" />
      <m type="2" label="《水浒传》正义与野蛮的交响乐" src="http://mov.bn.netease.com/movie/2011/11/3/O/S7HVPMO3O.flv" />
      <m type="2" label="《西游记》：把宗教游戏化的奇书" src="http://mov.bn.netease.com/movie/2011/11/C/5/S7J3PKEC5.flv" />
      <m type="2" label="孙悟空与猪八戒：不朽的艺术形象" src="http://mov.bn.netease.com/movie/2011/11/C/B/S7J3OSQCB.flv" />
      <m type="2" label="《金瓶梅》社会画卷与市井英雄" src="http://mov.bn.netease.com/movie/2011/12/O/P/S7JJ0OHOP.flv" />
      <m type="2" label="《金瓶梅》： 女性形象与情欲描写" src="http://mov.bn.netease.com/movie/2011/12/5/2/S7JJ06452.flv" />
      <m type="2" label="《儒林外史》：读书人命运的悲歌" src="http://mov.bn.netease.com/movie/2011/12/J/J/S7K5HVOJJ.flv" />
      <m type="2" label="《儒林外史》：科举制度下的读书人" src="http://mov.bn.netease.com/movie/2011/12/L/D/S7K5HHPLD.flv" />
      <m type="2" label="《红楼梦》中国古典小说的巅峰之作" src="http://mov.bn.netease.com/movie/2011/12/0/S/S7KNQ3M0S.flv" />
      <m type="2" label="《红楼梦》的女性形象及红学略说" src="http://mov.bn.netease.com/movie/2011/12/4/R/S7KNQ9P4R.flv" />
    </m>
    <m label="东南大学《戏曲史话》">
      <m type="2" label="村坊小曲" src="http://mov.bn.netease.com/movie/2011/11/4/S/S7HBA354S.flv" />
      <m type="2" label="文人雅好" src="http://mov.bn.netease.com/movie/2011/11/O/K/S7HBA40OK.flv" />
      <m type="2" label="佳作如云" src="http://mov.bn.netease.com/movie/2011/11/K/J/S7HBA4FKJ.flv" />
      <m type="2" label="剧种多样" src="http://mov.bn.netease.com/movie/2011/11/6/A/S7IF9BE6A.flv" />
      <m type="2" label="曰情曰趣" src="http://mov.bn.netease.com/movie/2012/4/6/D/S7V3LDS6D.flv" />
      <m type="2" label="虚实相生" src="http://mov.bn.netease.com/movie/2012/4/K/L/S7V3PKFKL.flv" />
    </m>
    <m label="北京师范大学《古诗词鉴赏:千古名月》">
      <m type="2" label="太阴之象—月亮的哲学意味" src="http://mov.bn.netease.com/movie/2011/11/1/V/S7HG1HE1V.flv" />
      <m type="2" label="月出皎—月亮的审美意象" src="http://mov.bn.netease.com/movie/2011/11/2/4/S7HG1HU24.flv" />
      <m type="2" label="孤光自照—月亮的人格意境" src="http://mov.bn.netease.com/movie/2011/11/I/Q/S7HG1IDIQ.flv" />
    </m>
    <m label="北京航空航天大学《演讲与口才》">
      <m type="2" label="口才概述" src="http://mov.bn.netease.com/movie/2011/11/G/B/S7HB4M6GB.flv" />
      <m type="2" label="演讲本质" src="http://mov.bn.netease.com/movie/2011/11/I/0/S7HB4LII0.flv" />
      <m type="2" label="演讲的听众" src="http://mov.bn.netease.com/movie/2011/11/3/V/S7HB4NQ3V.flv" />
      <m type="2" label="演讲稿的组织" src="http://mov.bn.netease.com/movie/2011/11/R/J/S7IF93ARJ.flv" />
    </m>
  </m>
  <m label="历史哲学">
    <m label="南开大学《纵谈中国古代前期史》（更新至3集）">
      <m type="2" label="远古社会" src="http://mov.bn.netease.com/movie/2012/7/L/3/S854335L3.flv" />
      <m type="2" label="夏——文明曙光" src="http://mov.bn.netease.com/movie/2012/7/U/K/S854320UK.flv" />
      <m type="2" label="以神为本的商朝" src="http://mov.bn.netease.com/movie/2012/7/2/8/S85434D28.flv" />
    </m>
    <m label="人民大学《贞观政要》与传统王道政治（更新至3集）">
      <m type="2" label="贞观之治的三个历史功绩" src="http://mov.bn.netease.com/movie/2012/7/A/N/S8548SGAN.flv" />
      <m type="2" label="王道政治的要义——以人为本（上）" src="http://mov.bn.netease.com/movie/2012/7/L/F/S854985LF.flv" />
      <m type="2" label="王道政治的要义——以人为本（下）" src="http://mov.bn.netease.com/movie/2012/7/F/5/S85496KF5.flv" />
    </m>
    <m label="华中科技大学《哲学导论》">
      <m type="2" label="哲学是什么" src="http://mov.bn.netease.com/movie/2012/3/I/8/S7SU89TI8.flv" />
      <m type="2" label="哲学的基本问题与特点" src="http://mov.bn.netease.com/movie/2012/3/3/E/S7SU8DQ3E.flv" />
      <m type="2" label="本体论" src="http://mov.bn.netease.com/movie/2012/3/R/Q/S7SU8Q4RQ.flv" />
      <m type="2" label="认识论" src="http://mov.bn.netease.com/movie/2012/5/H/D/S81410IHD.flv" />
      <m type="2" label="价值论" src="http://mov.bn.netease.com/movie/2012/6/B/I/S827SA9BI.flv" />
      <m type="2" label="人的哲学" src="http://mov.bn.netease.com/movie/2012/6/8/S/S83BLD28S.flv" />
    </m>
    <m label="中央民族大学《中华文化》（更新至10集）">
      <m type="2" label="以儒做人之一 从孔子谈起" src="http://mov.bn.netease.com/movie/2012/3/E/L/S7SU8VHEL.flv" />
      <m type="2" label="以儒做人之二 百善孝为先" src="http://mov.bn.netease.com/movie/2012/3/A/7/S7SU8PKA7.flv" />
      <m type="2" label="以儒做人之三 己所不欲 勿施于人" src="http://mov.bn.netease.com/movie/2012/3/3/1/S7SU8V831.flv" />
      <m type="2" label="以儒做人之四 天地之性人为贵" src="http://mov.bn.netease.com/movie/2012/5/H/V/S8140P2HV.flv" />
      <m type="2" label="以儒做人之五 爱满天下" src="http://mov.bn.netease.com/movie/2012/6/0/5/S827SEB05.flv" />
      <m type="2" label="以儒做人之六 圣人·大丈夫·君子" src="http://mov.bn.netease.com/movie/2012/6/U/R/S83BL5AUR.flv" />
      <m type="2" label="以儒做人之七《易经》的智慧" src="http://mov.bn.netease.com/movie/2012/6/9/0/S83TJBQ90.flv" />
      <m type="2" label="以儒做人之八 一个人生 两个世界" src="http://mov.bn.netease.com/movie/2012/6/N/0/S83TJRLN0.flv" />
      <m type="2" label="以儒做人之九 审美情怀" src="http://mov.bn.netease.com/movie/2012/7/A/O/S84G0K3AO.flv" />
      <m type="2" label="以儒做人之十 生死拷问" src="http://mov.bn.netease.com/movie/2012/7/C/V/S84G0LUCV.flv" />
    </m>
    <m label="武汉大学《中国古代思想智慧》">
      <m type="2" label="《周易》经传的智慧" src="http://mov.bn.netease.com/movie/2012/2/9/B/S7P8DD39B.flv" />
      <m type="2" label="儒家德性的智慧" src="http://mov.bn.netease.com/movie/2012/1/P/E/S7M3LLDPE.flv" />
      <m type="2" label="道家超越的智慧" src="http://mov.bn.netease.com/movie/2012/1/N/8/S7M3LKSN8.flv" />
      <m type="2" label="墨家的思想" src="http://mov.bn.netease.com/movie/2012/1/C/A/S7N033NCA.flv" />
      <m type="2" label="《孙子兵法》浅讲" src="http://mov.bn.netease.com/movie/2012/1/J/H/S7N032IJH.flv" />
      <m type="2" label="法家与名家概览" src="http://mov.bn.netease.com/movie/2012/2/4/6/S7P8FMU46.flv" />
      <m type="2" label="《史记》浅讲" src="http://mov.bn.netease.com/movie/2012/3/K/F/S7QTJCGKF.flv" />
      <m type="2" label="魏晋玄学之风" src="http://mov.bn.netease.com/movie/2012/3/G/3/S7QTMVBG3.flv" />
      <m type="2" label="佛教解脱的智慧" src="http://mov.bn.netease.com/movie/2012/3/D/R/S7RHT07DR.flv" />
      <m type="2" label="宋明理学的境界" src="http://mov.bn.netease.com/movie/2012/3/O/V/S7S3MLPOV.flv" />
      <m type="2" label="明清之际思潮" src="http://mov.bn.netease.com/movie/2012/3/S/N/S7S41TDSN.flv" />
      <m type="2" label="中国文化的精神特质" src="http://mov.bn.netease.com/movie/2012/3/D/K/S7S42D5DK.flv" />
    </m>
    <m label="吉林大学《中国传统处世智慧概说》">
      <m type="2" label="中·和" src="http://mov.bn.netease.com/movie/2012/1/E/J/S7M3KRDEJ.flv" />
      <m type="2" label="宽·恕" src="http://mov.bn.netease.com/movie/2012/1/8/5/S7M3KSE85.flv" />
      <m type="2" label="诚·信" src="http://mov.bn.netease.com/movie/2012/1/M/E/S7M3KR3ME.flv" />
      <m type="2" label="省·慎" src="http://mov.bn.netease.com/movie/2012/1/3/8/S7MVNAT38.flv" />
      <m type="2" label="经·权" src="http://mov.bn.netease.com/movie/2012/2/V/4/S7P8FF4V4.flv" />
      <m type="2" label="忍·让" src="http://mov.bn.netease.com/movie/2012/3/E/D/S7QTM2QED.flv" />
      <m type="2" label="施·报" src="http://mov.bn.netease.com/movie/2012/3/L/E/S7RI4F7LE.flv" />
    </m>
    <m label="华东师范大学《第二次世界大战起源》">
      <m type="2" label="一个没有恶棍的故事？" src="http://mov.bn.netease.com/movie/2012/2/V/V/S7P8AP2VV.flv" />
      <m type="2" label="法西斯与战争" src="http://mov.bn.netease.com/movie/2012/1/I/C/S7M3EQVIC.flv" />
      <m type="2" label="滋生法西斯的土壤（上）" src="http://mov.bn.netease.com/movie/2012/2/P/0/S7P8AT2P0.flv" />
      <m type="2" label="滋生法西斯的土壤（下）" src="http://mov.bn.netease.com/movie/2012/1/E/0/S7N029HE0.flv" />
      <m type="2" label="国际社会与战争" src="http://mov.bn.netease.com/movie/2012/1/L/S/S7N02ACLS.flv" />
      <m type="2" label="希特勒铸造神剑（上）" src="http://mov.bn.netease.com/movie/2012/2/1/Q/S7PPPNN1Q.flv" />
      <m type="2" label="希特勒铸造神剑（下）" src="http://mov.bn.netease.com/movie/2012/2/I/U/S7PPPRGIU.flv" />
      <m type="2" label="希特勒寻觅朋友" src="http://mov.bn.netease.com/movie/2012/2/6/D/S7QEGNP6D.flv" />
      <m type="2" label="1937年的两个全球战略计划" src="http://mov.bn.netease.com/movie/2012/3/L/U/S7QTOK3LU.flv" />
      <m type="2" label="1939年的大国外交博弈" src="http://mov.bn.netease.com/movie/2012/3/8/A/S7RHNTI8A.flv" />
    </m>
    <m label="中央民族大学《中国古代妇女史专题》">
      <m type="2" label="中国古代妇女史专题概说" src="http://mov.bn.netease.com/movie/2012/1/L/C/S7M38IILC.flv" />
      <m type="2" label="妇女史的来历" src="http://mov.bn.netease.com/movie/2012/1/O/5/S7M399UO5.flv" />
      <m type="2" label="中国古代妇女的规范" src="http://mov.bn.netease.com/movie/2012/1/8/L/S7M39DE8L.flv" />
      <m type="2" label="中国古代妇女的身体" src="http://mov.bn.netease.com/movie/2012/1/5/U/S7N28JL5U.flv" />
      <m type="2" label="中国古代妇女的经济活动" src="http://mov.bn.netease.com/movie/2012/1/H/O/S7N024LHO.flv" />
      <m type="2" label="中国古代妇女的文化活动" src="http://mov.bn.netease.com/movie/2012/2/2/8/S7P8G0P28.flv" />
      <m type="2" label="中国古代妇女的政治活动" src="http://mov.bn.netease.com/movie/2012/2/7/5/S7QEHD375.flv" />
      <m type="2" label="中国古代妇女的社会关系" src="http://mov.bn.netease.com/movie/2012/3/B/4/S7QTMHVB4.flv" />
      <m type="2" label="中国古代妇女的宗教信仰" src="http://mov.bn.netease.com/movie/2012/3/9/0/S7RHSO590.flv" />
      <m type="2" label="中国古代妇女的规范与现实" src="http://mov.bn.netease.com/movie/2012/3/0/F/S7RHSR20F.flv" />
    </m>
    <m label="北京师范大学《历史与环保》">
      <m type="2" label="脏兮兮的泰晤士老爹" src="http://mov.bn.netease.com/movie/2012/2/8/P/S7P8BE88P.flv" />
      <m type="2" label="为自然美鼓与呼" src="http://mov.bn.netease.com/movie/2012/2/P/1/S7P8BN0P1.flv" />
      <m type="2" label="一个人的宣言" src="http://mov.bn.netease.com/movie/2012/2/0/D/S7P8CAR0D.flv" />
      <m type="2" label="史学家与生态学家的相遇" src="http://mov.bn.netease.com/movie/2012/2/J/S/S7P8ERMJS.flv" />
    </m>
    <m label="中国人民大学《当代哲学热点问题》">
      <m type="2" label="如何理解当代哲学热点问题" src="http://mov.bn.netease.com/movie/2012/2/N/8/S7P8AJ4N8.flv" />
      <m type="2" label="什么是当代哲学的终极问题" src="http://mov.bn.netease.com/movie/2012/1/N/R/S7M33QSNR.flv" />
      <m type="2" label="当代哲学应用何以可能" src="http://mov.bn.netease.com/movie/2012/1/7/G/S7M33TH7G.flv" />
      <m type="2" label="如何重塑当代哲学的公共性" src="http://mov.bn.netease.com/movie/2012/2/9/8/S7OM9JA98.flv" />
      <m type="2" label="正义为何显得如此重要" src="http://mov.bn.netease.com/movie/2012/2/B/9/S7P8DJEB9.flv" />
      <m type="2" label="如何在人生哲学中理解幸福" src="http://mov.bn.netease.com/movie/2012/2/N/Q/S7P8DOANQ.flv" />
    </m>
    <m label="北京大学《中国古代政治与文化》">
      <m type="2" label="儒生与文吏（1）" src="http://mov.bn.netease.com/movie/2011/11/0/G/S7HB46V0G.flv" />
      <m type="2" label="儒生与文吏（2）" src="http://mov.bn.netease.com/movie/2011/11/1/T/S7HB4M31T.flv" />
      <m type="2" label="儒生与文吏（3）" src="http://mov.bn.netease.com/movie/2011/11/P/J/S7HB4HJPJ.flv" />
      <m type="2" label="士族门阀政治（1）" src="http://mov.bn.netease.com/movie/2011/11/R/2/S7HVCTRR2.flv" />
      <m type="2" label="士族门阀政治（2）" src="http://mov.bn.netease.com/movie/2011/11/L/M/S7IF8VQLM.flv" />
      <m type="2" label="士族门阀政治（3）" src="http://mov.bn.netease.com/movie/2011/11/1/3/S7IF8RS13.flv" />
      <m type="2" label="南北分途与历史出口（1）" src="http://mov.bn.netease.com/movie/2011/11/C/A/S7J1LBTCA.flv" />
      <m type="2" label="南北分途与历史出口（2）" src="http://mov.bn.netease.com/movie/2011/11/A/6/S7J1LPQA6.flv" />
      <m type="2" label="南北分途与历史出口（3）" src="http://mov.bn.netease.com/movie/2011/11/U/E/S7J1LSAUE.flv" />
      <m type="2" label="南北文化交融与隋唐大一统格局1" src="http://mov.bn.netease.com/movie/2011/12/J/V/S7JJ165JV.flv" />
      <m type="2" label="南北文化交融与隋唐大一统格局2" src="http://mov.bn.netease.com/movie/2011/12/6/B/S7JJ1GH6B.flv" />
      <m type="2" label="丝绸之路与东西文化交流（1）" src="http://mov.bn.netease.com/movie/2011/12/8/U/S7K5K1V8U.flv" />
      <m type="2" label="丝绸之路与东西文化交流（2）" src="http://mov.bn.netease.com/movie/2011/12/P/O/S7K5JECPO.flv" />
      <m type="2" label="规范与制约：文官制度的完善（1）" src="http://mov.bn.netease.com/movie/2011/12/N/M/S7KNRC9NM.flv" />
      <m type="2" label="规范与制约：文官制度的完善（2）" src="http://mov.bn.netease.com/movie/2011/12/4/P/S7KNQQ04P.flv" />
      <m type="2" label="规范与制约：文官制度的完善（3）" src="http://mov.bn.netease.com/movie/2011/12/E/4/S7KNQKSE4.flv" />
    </m>
    <m label="浙江大学《王阳明心学》">
      <m type="2" label="导论：王阳明与阳明心学" src="http://mov.bn.netease.com/movie/2011/11/7/7/S7HBB7V77.flv" />
      <m type="2" label="心即理：阳明心学的逻辑起点" src="http://mov.bn.netease.com/movie/2011/11/3/U/S7HBBH43U.flv" />
      <m type="2" label="知行合一：阳明心学的实践品格" src="http://mov.bn.netease.com/movie/2011/11/4/7/S7HBBQD47.flv" />
      <m type="2" label="格物致知：知识论域的实践转向" src="http://mov.bn.netease.com/movie/2011/11/A/6/S7HV6U4A6.flv" />
      <m type="2" label="本体与主体性的自我建立" src="http://mov.bn.netease.com/movie/2011/11/0/N/S7IHCSA0N.flv" />
      <m type="2" label="本心的自我开显与自我表达" src="http://mov.bn.netease.com/movie/2011/11/5/Q/S7J3I055Q.flv" />
      <m type="2" label="心外无物：生命境界的无限圆融" src="http://mov.bn.netease.com/movie/2011/12/4/4/S7JJ21H44.flv" />
      <m type="2" label="天泉证道四句教阳明学派的分化" src="http://mov.bn.netease.com/movie/2011/12/I/M/S7K5GUSIM.flv" />
      <m type="2" label="心体的自我澄明与价值实现" src="http://mov.bn.netease.com/movie/2011/12/8/8/S7KNTRR88.flv" />
    </m>
    <m label="武汉大学《古希腊文明的兴衰》">
      <m type="2" label="克里特文明" src="http://mov.bn.netease.com/movie/2011/11/4/T/S7HBAND4T.flv" />
      <m type="2" label="迈锡尼文明" src="http://mov.bn.netease.com/movie/2011/11/0/R/S7HBANQ0R.flv" />
      <m type="2" label="希腊神话传说的源流" src="http://mov.bn.netease.com/movie/2011/11/9/J/S7HBANM9J.flv" />
      <m type="2" label="荷马史诗与系统叙事诗" src="http://mov.bn.netease.com/movie/2011/11/U/N/S7HV73BUN.flv" />
      <m type="2" label="赫西俄德的《神谱》" src="http://mov.bn.netease.com/movie/2011/11/D/L/S7J1H4EDL.flv" />
      <m type="2" label="希腊城邦制度的早期发展" src="http://mov.bn.netease.com/movie/2011/11/4/2/S7J1FHP42.flv" />
      <m type="2" label="斯巴达与雅典" src="http://mov.bn.netease.com/movie/2011/12/S/J/S7JIT6KSJ.flv" />
      <m type="2" label="城邦时代的宗教生活" src="http://mov.bn.netease.com/movie/2011/12/S/N/S7JIT2DSN.flv" />
      <m type="2" label="希腊悲剧" src="http://mov.bn.netease.com/movie/2011/12/9/3/S7K5GQS93.flv" />
      <m type="2" label="从希腊悲剧到希腊哲学" src="http://mov.bn.netease.com/movie/2011/12/C/O/S7K5GVKCO.flv" />
      <m type="2" label="从分离主义到帝国主义" src="http://mov.bn.netease.com/movie/2011/12/S/Q/S7KNQ2RSQ.flv" />
      <m type="2" label="亚历山大帝国与希腊化时代" src="http://mov.bn.netease.com/movie/2011/12/1/R/S7KNQ6B1R.flv" />
      <m type="2" label="希腊文化精神的凋敝" src="http://mov.bn.netease.com/movie/2011/12/2/O/S7KNQB42O.flv" />
    </m>
    <m label="人民大学《薪火传承中国传统哲学通论》">
      <m type="2" label="中国哲学精神" src="http://mov.bn.netease.com/movie/2011/11/Q/C/S7HB7BPQC.flv" />
      <m type="2" label="宇宙论" src="http://mov.bn.netease.com/movie/2011/11/J/0/S7HB7A3J0.flv" />
      <m type="2" label="本体论" src="http://mov.bn.netease.com/movie/2011/11/Q/N/S7HB7CNQN.flv" />
      <m type="2" label="方法论" src="http://mov.bn.netease.com/movie/2011/11/A/1/S7IF99NA1.flv" />
      <m type="2" label="知行观" src="http://mov.bn.netease.com/movie/2011/11/H/Q/S7J1KSRHQ.flv" />
      <m type="2" label="价值观" src="http://mov.bn.netease.com/movie/2011/12/D/S/S7JJ3IDDS.flv" />
    </m>
    <m label="吉林大学《哲学通论》">
      <m type="2" label="哲学的自我追问" src="http://mov.bn.netease.com/movie/2011/11/Q/M/S7HB4O3QM.flv" />
      <m type="2" label="哲学的思维方式" src="http://mov.bn.netease.com/movie/2011/11/R/K/S7HB4OLRK.flv" />
      <m type="2" label="哲学的主要问题" src="http://mov.bn.netease.com/movie/2011/11/C/R/S7HEBLNCR.flv" />
      <m type="2" label="哲学的历史演进" src="http://mov.bn.netease.com/movie/2011/11/V/U/S7I562VVU.flv" />
      <m type="2" label="哲学的当代课题" src="http://mov.bn.netease.com/movie/2011/11/L/0/S7IF90JL0.flv" />
    </m>
  </m>
  <m label="经济法学">
    <m label="复旦大学《旅游文化学》（更新至3集）">
      <m type="2" label="更加成熟与睿智地引领旅游文化发展" src="http://mov.bn.netease.com/movie/2012/7/J/O/S854TITJO.flv" />
      <m type="2" label="让旅游文化概念自由地呼吸" src="http://mov.bn.netease.com/movie/2012/7/O/7/S854TJRO7.flv" />
      <m type="2" label="应当建立科学的旅游文化学学科" src="http://mov.bn.netease.com/movie/2012/7/H/H/S854THSHH.flv" />
    </m>
    <m label="西安交大《巨人的足迹—从毛泽东到邓小平》（更新至3集）">
      <m type="2" label="毛泽东个性魅力与权威领导（一）" src="http://mov.bn.netease.com/movie/2012/7/P/C/S854ATOPC.flv" />
      <m type="2" label="毛泽东个性魅力与权威领导（二）" src="http://mov.bn.netease.com/movie/2012/7/3/N/S854B073N.flv" />
      <m type="2" label="毛泽东个性魅力与权威领导（三）" src="http://mov.bn.netease.com/movie/2012/7/T/A/S854ASHTA.flv" />
    </m>
    <m label="浙江大学《当代中国社会建设》（更新至3集）">
      <m type="2" label="什么是社会建设" src="http://mov.bn.netease.com/movie/2012/7/6/3/S8546I063.flv" />
      <m type="2" label="从发展型政府到服务型政府" src="http://mov.bn.netease.com/movie/2012/7/I/4/S8546KEI4.flv" />
      <m type="2" label="基本公共服务均等化" src="http://mov.bn.netease.com/movie/2012/7/C/B/S8546LCCB.flv" />
    </m>
    <m label="武汉大学《管理学——解剖组织成长与揭示前沿趋势》">
      <m type="2" label="俯视实践：企业成长的阶梯与管理变迁" src="http://mov.bn.netease.com/movie/2012/3/5/6/S7SU9A456.flv" />
      <m type="2" label=" 人的发现：启迪之光与变革源泉" src="http://mov.bn.netease.com/movie/2012/5/R/9/S7VVSASR9.flv" />
      <m type="2" label="独特为王：始于定位成于分解" src="http://mov.bn.netease.com/movie/2012/3/5/S/S7SU98G5S.flv" />
      <m type="2" label="合纵联横：以森林的力量抵抗风暴" src="http://mov.bn.netease.com/movie/2012/5/P/6/S81EBP8P6.flv" />
      <m type="2" label="以势制胜：商业模式的功能与创建" src="http://mov.bn.netease.com/movie/2012/6/3/C/S82PSUQ3C.flv" />
    </m>
    <m label="中国海洋大学《大学生人生发展与素养建构》">
      <m type="2" label="让理想照进现实" src="http://mov.bn.netease.com/movie/2012/3/V/C/S7SU7UMVC.flv" />
      <m type="2" label="活出意义来" src="http://mov.bn.netease.com/movie/2012/3/C/5/S7SU7T3C5.flv" />
      <m type="2" label="何谓情商" src="http://mov.bn.netease.com/movie/2012/5/T/3/S81EEC0T3.flv" />
      <m type="2" label="压力管理的策略" src="http://mov.bn.netease.com/movie/2012/6/P/A/S82PS7SPA.flv" />
    </m>
    <m label="清华大学《中国国情与发展―中国之路》">
      <m type="2" label="中国之路（一）" src="http://mov.bn.netease.com/movie/2012/3/O/E/S7SU82GOE.flv" />
      <m type="2" label="中国之路（二）" src="http://mov.bn.netease.com/movie/2012/3/I/M/S7SU83RIM.flv" />
      <m type="2" label="中国之路（三）" src="http://mov.bn.netease.com/movie/2012/5/1/O/S81EBQI1O.flv" />
      <m type="2" label="中国之路（四）" src="http://mov.bn.netease.com/movie/2012/6/0/I/S82PR5L0I.flv" />
    </m>
    <m label="四川大学《现代公共生活与社会公德修养》">
      <m type="2" label="何谓现代公共生活" src="http://mov.bn.netease.com/movie/2012/1/U/6/S7M3ND5U6.flv" />
      <m type="2" label="公共生活需要公共秩序" src="http://mov.bn.netease.com/movie/2012/1/K/D/S7M3NB7KD.flv" />
      <m type="2" label="公共生活中的道德规范" src="http://mov.bn.netease.com/movie/2012/2/2/A/S7OMCR42A.flv" />
      <m type="2" label="自觉遵守社会公德" src="http://mov.bn.netease.com/movie/2012/2/T/1/S7OLSHCT1.flv" />
    </m>
    <m label="电子科技大学《管理心理学》">
      <m type="2" label="管理之道——管理思维方式" src="http://mov.bn.netease.com/movie/2012/1/I/V/S7M3DOHIV.flv" />
      <m type="2" label="管理之道——传统管理模式" src="http://mov.bn.netease.com/movie/2012/1/F/S/S7M3DQ1FS.flv" />
      <m type="2" label="管理之道——现代管理模式" src="http://mov.bn.netease.com/movie/2012/1/B/I/S7M3DPFBI.flv" />
      <m type="2" label="管理之道——最新管理模式" src="http://mov.bn.netease.com/movie/2012/1/G/V/S7N03NFGV.flv" />
      <m type="2" label="攻心之术——动机鼓励" src="http://mov.bn.netease.com/movie/2012/2/E/M/S7P8EGPEM.flv" />
      <m type="2" label="攻心之术——态度改变" src="http://mov.bn.netease.com/movie/2012/3/F/I/S7S21ATFI.flv" />
      <m type="2" label="攻心之术——个性管理" src="http://mov.bn.netease.com/movie/2012/3/G/1/S7S21ESG1.flv" />
      <m type="2" label="组织之策——群体组合" src="http://mov.bn.netease.com/movie/2012/3/Q/8/S7S21IFQ8.flv" />
      <m type="2" label="组织之策——组织体制" src="http://mov.bn.netease.com/movie/2012/3/R/I/S7S21N2RI.flv" />
      <m type="2" label="组织之策——文化建设" src="http://mov.bn.netease.com/movie/2012/3/B/O/S7S21PUBO.flv" />
    </m>
    <m label="湖南大学《税收与我们的生活》">
      <m type="2" label="谁是纳税人——我们身边的税收现象" src="http://mov.bn.netease.com/movie/2012/1/U/0/S7M3G6UU0.flv" />
      <m type="2" label="谁需要税收——取之于民 用之于民" src="http://mov.bn.netease.com/movie/2012/1/H/E/S7M3G7QHE.flv" />
      <m type="2" label="税收规模——水能载舟 亦能覆舟" src="http://mov.bn.netease.com/movie/2012/1/G/0/S7M3G7QG0.flv" />
      <m type="2" label="走进税收——我国现行税制的基本框架" src="http://mov.bn.netease.com/movie/2012/2/4/S/S7OMDR94S.flv" />
      <m type="2" label="我们要缴税吗——做一个明明白白的纳税人" src="http://mov.bn.netease.com/movie/2012/2/4/2/S7PPRA442.flv" />
      <m type="2" label="税收法治化——与时俱进的选择" src="http://mov.bn.netease.com/movie/2012/3/1/O/S7S3MUO1O.flv" />
      <m type="2" label="税收筹划——做一个理性的纳税人" src="http://mov.bn.netease.com/movie/2012/3/L/F/S7S3MURLF.flv" />
      <m type="2" label="纳税人权利——我们需要怎样的税收维权意识" src="http://mov.bn.netease.com/movie/2012/3/V/U/S7S3NJLVU.flv" />
    </m>
    <m label="东北大学《易学与中国管理艺术》">
      <m type="2" label="自强不息与人生追求的理想境界 上" src="http://mov.bn.netease.com/movie/2012/1/D/1/S7M3O8BD1.flv" />
      <m type="2" label="自强不息与人生追求的理想境界 下" src="http://mov.bn.netease.com/movie/2012/1/3/G/S7M3O763G.flv" />
      <m type="2" label="厚德载物与人生理想境界的实现 上" src="http://mov.bn.netease.com/movie/2012/1/O/V/S7M3O7MOV.flv" />
      <m type="2" label="厚德载物与人生理想境界的实现 下" src="http://mov.bn.netease.com/movie/2012/1/Q/D/S7MVJECQD.flv" />
      <m type="2" label="阅山读水与领导干部的品性修养 上" src="http://mov.bn.netease.com/movie/2012/2/P/C/S7P8F9DPC.flv" />
      <m type="2" label="阅山读水与领导干部的品性修养 下" src="http://mov.bn.netease.com/movie/2012/3/J/A/S7QTLLAJA.flv" />
      <m type="2" label="谦冲自牧与事业保持成功的艺术" src="http://mov.bn.netease.com/movie/2012/3/8/1/S7RHR2381.flv" />
      <m type="2" label="自我管理与管理的未来发展之路" src="http://mov.bn.netease.com/movie/2012/3/E/0/S7RHRE9E0.flv" />
    </m>
    <m label="人民大学《马克思主义中国化的百年流变》">
      <m type="2" label="仰望星空—我们为什么需要一种理论的指导" src="http://mov.bn.netease.com/movie/2012/1/J/D/S7M3CKRJD.flv" />
      <m type="2" label="东方欲晓——马克思主义在中国的传播" src="http://mov.bn.netease.com/movie/2012/1/7/R/S7MUUVT7R.flv" />
      <m type="2" label="雄关漫道——马克思主义中国化命题的提出" src="http://mov.bn.netease.com/movie/2012/2/E/G/S7P8CK6EG.flv" />
      <m type="2" label="风雨前行——对中国社会主义道路的艰辛探索" src="http://mov.bn.netease.com/movie/2012/2/J/3/S7P8CT4J3.flv" />
      <m type="2" label="关键抉择——改革开放是决定当代中国命运的关键抉择" src="http://mov.bn.netease.com/movie/2012/2/2/N/S7OMBQN2N.flv" />
      <m type="2" label="走向辉煌——深刻认识马克思主义中国化的根本经验" src="http://mov.bn.netease.com/movie/2012/2/A/V/S7OMC5LAV.flv" />
    </m>
    <m label="湖南大学《现代礼仪》">
      <m type="2" label="礼仪概说" src="http://mov.bn.netease.com/movie/2011/11/D/J/S7HB8L9DJ.flv" />
      <m type="2" label="仪表仪态" src="http://mov.bn.netease.com/movie/2011/11/P/I/S7HB8RTPI.flv" />
      <m type="2" label="言谈礼仪" src="http://mov.bn.netease.com/movie/2011/11/D/K/S7HB8M3DK.flv" />
      <m type="2" label="生活礼仪" src="http://mov.bn.netease.com/movie/2011/11/3/B/S7HVCUV3B.flv" />
      <m type="2" label="职场礼仪（一）" src="http://mov.bn.netease.com/movie/2011/11/D/D/S7J1JR5DD.flv" />
      <m type="2" label="职场礼仪（二）" src="http://mov.bn.netease.com/movie/2011/11/R/7/S7J1KDBR7.flv" />
      <m type="2" label="社交礼仪（一）" src="http://mov.bn.netease.com/movie/2011/12/5/F/S7JIT1T5F.flv" />
      <m type="2" label="社交礼仪（二）" src="http://mov.bn.netease.com/movie/2011/12/J/4/S7JITG7J4.flv" />
    </m>
  </m>
  <m label="基础科学">
    <m label="华南理工大学《建筑历史》（更新至3集）">
      <m type="2" label="中国古典建筑" src="http://mov.bn.netease.com/movie/2012/7/F/V/S85479KFV.flv" />
      <m type="2" label="外国建筑史梗概" src="http://mov.bn.netease.com/movie/2012/7/8/D/S8547AH8D.flv" />
      <m type="2" label="中国古塔" src="http://mov.bn.netease.com/movie/2012/7/V/1/S85477GV1.flv" />
    </m>
    <m label="华南理工大学《环境与生态》（更新至3集）">
      <m type="2" label="生态系统的干扰与退化" src="http://mov.bn.netease.com/movie/2012/7/2/E/S8545SE2E.flv" />
      <m type="2" label="我国的水环境问题" src="http://mov.bn.netease.com/movie/2012/7/6/E/S8545QH6E.flv" />
      <m type="2" label="人类干扰下的生物多样性的变化" src="http://mov.bn.netease.com/movie/2012/7/A/N/S8545PLAN.flv" />
    </m>
    <m label="中国科学技术大学《科学简史·科学革命篇》（更新至8集）">
      <m type="2" label="古希腊科学：西方科学的源头" src="http://mov.bn.netease.com/movie/2012/3/U/B/S7SUAD6UB.flv" />
      <m type="2" label="人是一个奇迹：文艺复兴" src="http://mov.bn.netease.com/movie/2012/7/A/M/S854UH7AM.flv" />
      <m type="2" label="求美的革命：新宇宙的构建" src="http://mov.bn.netease.com/movie/2012/3/J/V/S7SUAA7JV.flv" />
      <m type="2" label="上帝的另一本书：科学与宗教的分立" src="http://mov.bn.netease.com/movie/2012/5/N/1/S8141IHN1.flv" />
      <m type="2" label="讯问自然 实验哲学的诞生" src="http://mov.bn.netease.com/movie/2012/6/N/8/S827S0CN8.flv" />
      <m type="2" label="宇宙的语言：自然的数学化" src="http://mov.bn.netease.com/movie/2012/6/R/K/S83BKBCRK.flv" />
      <m type="2" label="世界是架时钟：机械论的盛行" src="http://mov.bn.netease.com/movie/2012/6/H/V/S83TJ9RHV.flv" />
      <m type="2" label="从宫廷到学会：自然知识的新家" src="http://mov.bn.netease.com/movie/2012/7/4/3/S84G04S43.flv" />
    </m>
    <m label="北京航空航天大学《数学大观》">
      <m type="2" label="数学爱我们" src="http://mov.bn.netease.com/movie/2012/3/Q/G/S7T0T57QG.flv" />
      <m type="2" label="数学抽象 无招胜有招" src="http://mov.bn.netease.com/movie/2012/3/E/C/S7T0T63EC.flv" />
      <m type="2" label="音乐美术中的数学" src="http://mov.bn.netease.com/movie/2012/3/S/T/S7T0T4SST.flv" />
      <m type="2" label="数学聊斋——身边的数学" src="http://mov.bn.netease.com/movie/2012/5/J/U/S8141PDJU.flv" />
      <m type="2" label="几把尺子量乾坤" src="http://mov.bn.netease.com/movie/2012/6/V/T/S827S8UVT.flv" />
      <m type="2" label="凌波微步微积分" src="http://mov.bn.netease.com/movie/2012/6/3/T/S83BL433T.flv" />
    </m>
    <m label="南京大学《环境学原理》">
      <m type="2" label="环境规律定义与环境科学学科定位" src="http://mov.bn.netease.com/movie/2012/3/V/K/S7SUHEVVK.flv" />
      <m type="2" label="环境多样性原理" src="http://mov.bn.netease.com/movie/2012/3/L/V/S7SU99FLV.flv" />
      <m type="2" label="环境和谐原理" src="http://mov.bn.netease.com/movie/2012/3/A/1/S7SU9C0A1.flv" />
      <m type="2" label="规律规则原理" src="http://mov.bn.netease.com/movie/2012/5/N/3/S81ECKUN3.flv" />
      <m type="2" label="五律协同原理" src="http://mov.bn.netease.com/movie/2012/6/E/0/S82PSA3E0.flv" />
    </m>
    <m label="华东师范大学《科技信息图示设计》">
      <m type="2" label="走进信息图形设计" src="http://mov.bn.netease.com/movie/2012/1/C/V/S7M3L53CV.flv" />
      <m type="2" label="工具与手段" src="http://mov.bn.netease.com/movie/2012/1/I/K/S7M3L82IK.flv" />
      <m type="2" label="完美展示自我" src="http://mov.bn.netease.com/movie/2012/1/7/S/S7M3L7N7S.flv" />
      <m type="2" label="数据与坐标（统计图表）" src="http://mov.bn.netease.com/movie/2012/2/M/6/S7OMB6CM6.flv" />
      <m type="2" label="关系与结构——示意图" src="http://mov.bn.netease.com/movie/2012/2/P/7/S7PPQ6LP7.flv" />
      <m type="2" label="重新认识世界" src="http://mov.bn.netease.com/movie/2012/3/1/1/S7RHP1511.flv" />
    </m>
    <m label="南开大学《数学文化》">
      <m type="2" label="序言（上）" src="http://mov.bn.netease.com/movie/2012/1/R/F/S7M2TUURF.flv" />
      <m type="2" label="序言（下）" src="http://mov.bn.netease.com/movie/2012/2/J/5/S7P8D2MJ5.flv" />
      <m type="2" label="有限与无限" src="http://mov.bn.netease.com/movie/2012/2/4/D/S7P8D6O4D.flv" />
      <m type="2" label="数学中的抽象" src="http://mov.bn.netease.com/movie/2012/1/N/H/S7N038SNH.flv" />
      <m type="2" label="类比的方法" src="http://mov.bn.netease.com/movie/2012/1/J/L/S7N03DSJL.flv" />
      <m type="2" label="变中有不变的观点" src="http://mov.bn.netease.com/movie/2012/2/0/9/S7P8F3509.flv" />
    </m>
    <m label="南开大学《化学与社会》">
      <m type="2" label="对化学和社会的初步体会" src="http://mov.bn.netease.com/movie/2012/1/0/J/S7M3ART0J.flv" />
      <m type="2" label="化学与食的关系" src="http://mov.bn.netease.com/movie/2012/2/U/R/S7P8B2JUR.flv" />
      <m type="2" label="化学与衣、住、行的关系" src="http://mov.bn.netease.com/movie/2012/1/5/T/S7M38BF5T.flv" />
      <m type="2" label="化学与老的关系" src="http://mov.bn.netease.com/movie/2012/2/2/Q/S7OMCKP2Q.flv" />
      <m type="2" label="化学与生、病、死的关系" src="http://mov.bn.netease.com/movie/2012/2/8/S/S7P8EM68S.flv" />
    </m>
    <m label="中国科学技术大学《认识宇宙》">
      <m type="2" label="宇宙概观" src="http://mov.bn.netease.com/movie/2011/11/1/H/S7HB9JL1H.flv" />
      <m type="2" label="怎样认识宇宙" src="http://mov.bn.netease.com/movie/2011/11/0/R/S7HBA4A0R.flv" />
      <m type="2" label="如何测量宇宙天体" src="http://mov.bn.netease.com/movie/2011/11/C/G/S7HBABDCG.flv" />
      <m type="2" label="恒星的一生" src="http://mov.bn.netease.com/movie/2011/11/H/0/S7I6V5PH0.flv" />
      <m type="2" label="星系和宇宙（上）" src="http://mov.bn.netease.com/movie/2011/11/B/8/S7J1GKEB8.flv" />
      <m type="2" label="星系和宇宙（下）" src="http://mov.bn.netease.com/movie/2011/12/I/A/S7JISKVIA.flv" />
    </m>
    <m label="北京师范大学《从爱因斯坦到霍金的宇宙》">
      <m type="2" label="爱因斯坦与物理学的革命" src="http://mov.bn.netease.com/movie/2011/11/A/P/S7HBCVCAP.flv" />
      <m type="2" label="弯曲的时空—广义相对论" src="http://mov.bn.netease.com/movie/2011/11/D/A/S7HBBS9DA.flv" />
      <m type="2" label="从白矮星、中子星到黑洞" src="http://mov.bn.netease.com/movie/2011/11/B/6/S7HBBSQB6.flv" />
    </m>
    <m label="清华大学《大学生心理健康》">
      <m type="2" label="我的生涯我做主（一）" src="http://mov.bn.netease.com/movie/2011/11/2/2/S7HB8R222.flv" />
      <m type="2" label="我的生涯我做主（二）" src="http://mov.bn.netease.com/movie/2011/11/1/0/S7HB92810.flv" />
      <m type="2" label="积极心态 幸福人生（一）" src="http://mov.bn.netease.com/movie/2011/11/J/2/S7HB9BVJ2.flv" />
      <m type="2" label="积极心态 幸福人生（二）" src="http://mov.bn.netease.com/movie/2011/11/P/3/S7IEUFAP3.flv" />
    </m>
    <m label="华东师范大学《学习心理学》">
      <m type="2" label="什么是学习" src="http://mov.bn.netease.com/movie/2011/11/E/2/S7HB55IE2.flv" />
      <m type="2" label="知识的学习" src="http://mov.bn.netease.com/movie/2011/11/1/S/S7HB55U1S.flv" />
      <m type="2" label="智力技能的学习" src="http://mov.bn.netease.com/movie/2011/11/A/1/S7HB56CA1.flv" />
      <m type="2" label="动作技能的学习" src="http://mov.bn.netease.com/movie/2011/11/9/T/S7HTLV69T.flv" />
      <m type="2" label="态度的学习" src="http://mov.bn.netease.com/movie/2011/11/D/C/S7J1LRUDC.flv" />
      <m type="2" label="学习动机" src="http://mov.bn.netease.com/movie/2011/11/V/J/S7J1LR9VJ.flv" />
      <m type="2" label="自主学习" src="http://mov.bn.netease.com/movie/2011/12/S/F/S7JJ2RQSF.flv" />
      <m type="2" label="合作学习" src="http://mov.bn.netease.com/movie/2011/12/7/F/S7JJ2T27F.flv" />
      <m type="2" label="研究性学习" src="http://mov.bn.netease.com/movie/2011/12/V/O/S7K5H20VO.flv" />
      <m type="2" label="体验式学习" src="http://mov.bn.netease.com/movie/2011/12/U/S/S7K5HCDUS.flv" />
      <m type="2" label="创新学习" src="http://mov.bn.netease.com/movie/2011/12/1/1/S7KNQCF11.flv" />
      <m type="2" label="多媒体学习" src="http://mov.bn.netease.com/movie/2011/12/6/9/S7KNQA969.flv" />
    </m>
  </m>
  <m label="工程技术">
    <m label="北京大学《科学是什么》（更新至3集）">
      <m type="2" label="数学的思维方式（1）" src="http://mov.bn.netease.com/movie/2012/7/K/A/S8543KHKA.flv" />
      <m type="2" label="数学的思维方式（2）" src="http://mov.bn.netease.com/movie/2012/7/D/6/S856NJHD6.flv" />
      <m type="2" label="数学的思维方式（3）" src="http://mov.bn.netease.com/movie/2012/7/4/6/S85441846.flv" />
    </m>
    <m label="复旦大学《人类与核科技发展》（更新至5集）">
      <m type="2" label="核科学序幕的重要发现" src="http://mov.bn.netease.com/movie/2012/3/O/L/S7SUBTFOL.flv" />
      <m type="2" label="有关原子核的一些基本概念（1）" src="http://mov.bn.netease.com/movie/2012/3/0/0/S7SUBPK00.flv" />
      <m type="2" label="有关原子核的一些基本概念（2）" src="http://mov.bn.netease.com/movie/2012/3/6/P/S7SUBUB6P.flv" />
      <m type="2" label="射线与物质的相互作用（1）" src="http://mov.bn.netease.com/movie/2012/5/J/R/S81ECMDJR.flv" />
      <m type="2" label="射线与物质的相互作用（2）" src="http://mov.bn.netease.com/movie/2012/6/O/1/S82PR4RO1.flv" />
    </m>
    <m label="华南理工大学《计算机网络安全》">
      <m type="2" label="网络安全现状" src="http://mov.bn.netease.com/movie/2012/3/9/7/S7SUA1S97.flv" />
      <m type="2" label="常规加密技术" src="http://mov.bn.netease.com/movie/2012/3/K/J/S7SUA3QKJ.flv" />
      <m type="2" label="公开密钥密码学" src="http://mov.bn.netease.com/movie/2012/3/9/N/S7SUA0V9N.flv" />
      <m type="2" label="数字签名和认证技术" src="http://mov.bn.netease.com/movie/2012/5/H/N/S81EDCCHN.flv" />
      <m type="2" label="网络攻防技术" src="http://mov.bn.netease.com/movie/2012/6/F/8/S82PTH8F8.flv" />
    </m>
    <m label="哈尔滨工业大学《地震灾害与建筑结构防震设计》">
      <m type="2" label="地震基本知识" src="http://mov.bn.netease.com/movie/2012/3/V/K/S7SU7OGVK.flv" />
      <m type="2" label="地震灾害怎样造成的？元凶是谁？" src="http://mov.bn.netease.com/movie/2012/3/H/M/S7SU7NQHM.flv" />
      <m type="2" label="地震灾害是可以减轻和防止的" src="http://mov.bn.netease.com/movie/2012/5/M/T/S81EDACMT.flv" />
      <m type="2" label="我国防震减灾工作的经验和教训" src="http://mov.bn.netease.com/movie/2012/6/2/E/S82PRTE2E.flv" />
    </m>
    <m label="吉林大学《改变世界的机器—汽车科技发展》">
      <m type="2" label="汽车之发展回顾" src="http://mov.bn.netease.com/movie/2012/1/K/S/S7M3HUQKS.flv" />
      <m type="2" label="汽车之中国崛起" src="http://mov.bn.netease.com/movie/2012/1/G/K/S7M3HVSGK.flv" />
      <m type="2" label="汽车动力的演变与未来（一）" src="http://mov.bn.netease.com/movie/2012/1/U/E/S7M3I0BUE.flv" />
      <m type="2" label="汽油机的发展" src="http://mov.bn.netease.com/movie/2012/2/A/Q/S7OMAGMAQ.flv" />
      <m type="2" label="赛车与轿车的空气动力学及造型发展（一）" src="http://mov.bn.netease.com/movie/2012/2/3/J/S7PPQ2K3J.flv" />
      <m type="2" label="赛车与轿车的空气动力学及造型发展（二）" src="http://mov.bn.netease.com/movie/2012/2/S/5/S7QEGUFS5.flv" />
      <m type="2" label="汽车电控及其电子技术进展（一)" src="http://mov.bn.netease.com/movie/2012/2/7/A/S7QEH1C7A.flv" />
      <m type="2" label="汽车电控及其电子技术进展（二)" src="http://mov.bn.netease.com/movie/2012/3/M/P/S7QTJKHMP.flv" />
      <m type="2" label="汽车环境热舒适性及其热管理（一)" src="http://mov.bn.netease.com/movie/2012/3/G/U/S7QTK2SGU.flv" />
      <m type="2" label="汽车环境热舒适性及其热管理（二)" src="http://mov.bn.netease.com/movie/2012/3/7/6/S7RHOCF76.flv" />
      <m type="2" label="车辆的智能化（一）" src="http://mov.bn.netease.com/movie/2012/3/V/2/S7RHOJNV2.flv" />
      <m type="2" label="车辆的智能化（二）" src="http://mov.bn.netease.com/movie/2012/3/8/T/S7S1UEG8T.flv" />
      <m type="2" label="汽车节能与排放" src="http://mov.bn.netease.com/movie/2012/3/2/7/S7S1UOO27.flv" />
      <m type="2" label="汽车排放控制技术" src="http://mov.bn.netease.com/movie/2012/3/G/N/S7S20T3GN.flv" />
    </m>
    <m label="浙江大学《新材料与社会进步》">
      <m type="2" label="能源材料：LED" src="http://mov.bn.netease.com/movie/2012/1/1/9/S7M3O9K19.flv" />
      <m type="2" label="能源材料：新型电池材料" src="http://mov.bn.netease.com/movie/2012/1/C/A/S7M3O2LCA.flv" />
      <m type="2" label="热电材料与温差发电" src="http://mov.bn.netease.com/movie/2012/2/D/A/S7OLRVSDA.flv" />
      <m type="2" label="信息材料" src="http://mov.bn.netease.com/movie/2012/2/3/1/S7PPRV631.flv" />
    </m>
    <m label="北京理工大学《技术光学》">
      <m type="2" label="浩瀚宇宙的凝视者——望远镜" src="http://mov.bn.netease.com/movie/2012/1/C/6/S7M3C28C6.flv" />
      <m type="2" label="遨游微观奥秘的眼睛——显微镜" src="http://mov.bn.netease.com/movie/2012/1/9/Q/S7M3C2K9Q.flv" />
      <m type="2" label="时空永恒的记忆者——照相机" src="http://mov.bn.netease.com/movie/2012/2/E/7/S7OMBEEE7.flv" />
    </m>
    <m label="中南大学《人工智能PK人类智能》">
      <m type="2" label="人工智能的诞生" src="http://mov.bn.netease.com/movie/2011/11/C/6/S7I24ROC6.flv" />
      <m type="2" label="人工智能的学派" src="http://mov.bn.netease.com/movie/2011/11/K/8/S7HB4UVK8.flv" />
      <m type="2" label="经典人工智能与推理技术" src="http://mov.bn.netease.com/movie/2011/11/C/C/S7HB4VECC.flv" />
      <m type="2" label="问题求解与搜索" src="http://mov.bn.netease.com/movie/2011/11/7/Q/S7I56BN7Q.flv" />
      <m type="2" label="机器人学" src="http://mov.bn.netease.com/movie/2011/11/S/P/S7J1G9FSP.flv" />
      <m type="2" label="人工智能的新领域：计算智能" src="http://mov.bn.netease.com/movie/2011/12/T/F/S7JIS6BTF.flv" />
      <m type="2" label="人工智能中的仿生学——群智能" src="http://mov.bn.netease.com/movie/2011/12/9/B/S7K5HFH9B.flv" />
    </m>
    <m label="华南理工大学《文化传承与建筑创新》">
      <m type="2" label="两观三性理论的建筑实践（一）" src="http://mov.bn.netease.com/movie/2012/2/I/U/S7OQB0GIU.flv" />
      <m type="2" label="两观三性理论的建筑实践（二）" src="http://mov.bn.netease.com/movie/2011/11/9/L/S7HB5FM9L.flv" />
      <m type="2" label="2010年上海世博会中国馆的建筑创作" src="http://mov.bn.netease.com/movie/2011/11/D/J/S7HB5GCDJ.flv" />
    </m>
    <m label="北京理工大学《信息系统与安全对抗理论》">
      <m type="2" label="事物与信息" src="http://mov.bn.netease.com/movie/2011/11/P/M/S7HB4R7PM.flv" />
      <m type="2" label="信息的认识与利用" src="http://mov.bn.netease.com/movie/2011/11/1/S/S7HB5C81S.flv" />
      <m type="2" label="信息系统及其功能分析（上）" src="http://mov.bn.netease.com/movie/2011/11/D/I/S7HB51SDI.flv" />
      <m type="2" label="信息系统及其功能分析（下）" src="http://mov.bn.netease.com/movie/2011/11/4/R/S7IF95V4R.flv" />
    </m>
    <m label="北京航空航天大学《航空航天概论》">
      <m type="2" label="航空航天的概念及其作用" src="http://mov.bn.netease.com/movie/2011/11/C/7/S7HBAM0C7.flv" />
      <m type="2" label="世界航空发展（1）" src="http://mov.bn.netease.com/movie/2011/11/L/I/S7HBARGLI.flv" />
      <m type="2" label="世界航天发展（2）" src="http://mov.bn.netease.com/movie/2011/11/T/Q/S7HBARPTQ.flv" />
      <m type="2" label="中国航空发展（1）" src="http://mov.bn.netease.com/movie/2011/11/K/9/S7IEUQ6K9.flv" />
      <m type="2" label="中国航天发展（2）" src="http://mov.bn.netease.com/movie/2011/11/C/D/S7IEUUSCD.flv" />
    </m>
  </m>
  <m label="农林医药">
    <m label="西北农林科技大学《昆虫分类学导论》（更新至3集）">
      <m type="2" label="什么是昆虫" src="http://mov.bn.netease.com/movie/2012/7/L/J/S854SSELJ.flv" />
      <m type="2" label="昆虫分类学原理" src="http://mov.bn.netease.com/movie/2012/7/9/7/S854T1397.flv" />
      <m type="2" label="六足总纲的系统发育（上）" src="http://mov.bn.netease.com/movie/2012/7/R/O/S854SS5RO.flv" />
    </m>
    <m label="浙江大学《肝脏移植的过去、现在和未来》（更新至3集）">
      <m type="2" label="肝癌：生命不可承受之重" src="http://mov.bn.netease.com/movie/2012/7/K/8/S854S5TK8.flv" />
      <m type="2" label="肝癌肝脏移植：中国的，世界的" src="http://mov.bn.netease.com/movie/2012/7/2/J/S854S3S2J.flv" />
      <m type="2" label="活体肝脏移植：大爱人间" src="http://mov.bn.netease.com/movie/2012/7/C/O/S854SACCO.flv" />
    </m>
    <m label="中南大学《疾病预防与健康维护》（更新至3集）">
      <m type="2" label="疾病的病因与疾病预防" src="http://mov.bn.netease.com/movie/2012/7/P/5/S854587P5.flv" />
      <m type="2" label="孕产期保健与出生缺陷的预防" src="http://mov.bn.netease.com/movie/2012/7/7/6/S85457G76.flv" />
      <m type="2" label="传染病的预防与控制" src="http://mov.bn.netease.com/movie/2012/7/9/N/S8545AL9N.flv" />
    </m>
    <m label="浙江大学《食品安全与营养》（更新至3集）">
      <m type="2" label="食品营养与健康" src="http://mov.bn.netease.com/movie/2012/7/J/F/S852CR2JF.flv" />
      <m type="2" label="食品安全与食源性疾病" src="http://mov.bn.netease.com/movie/2012/7/K/K/S852D0RKK.flv" />
      <m type="2" label="食物的消化、吸收、转运与代谢" src="http://mov.bn.netease.com/movie/2012/7/F/4/S852DF7F4.flv" />
    </m>
    <m label="东南大学《传统文化与中医养生》（更新至3集）">
      <m type="2" label="序言——养生热背后的冷思考" src="http://mov.bn.netease.com/movie/2012/7/2/V/S8548E42V.flv" />
      <m type="2" label="传统文化——中医养生方法的源泉（上）" src="http://mov.bn.netease.com/movie/2012/7/T/D/S8548KBTD.flv" />
      <m type="2" label="传统文化——中医养生方法的源泉（下）" src="http://mov.bn.netease.com/movie/2012/7/3/B/S8548I03B.flv" />
    </m>
    <m label="复旦大学《病原生物与人类》（更新至3集）">
      <m type="2" label="总论（上）——病原生物与我们共存" src="http://mov.bn.netease.com/movie/2012/7/O/J/S8544GUOJ.flv" />
      <m type="2" label="总论（下）——病原生物的昨天、今天和明天" src="http://mov.bn.netease.com/movie/2012/7/Q/3/S8544K0Q3.flv" />
      <m type="2" label="艾滋病离我们有多远（上）" src="http://mov.bn.netease.com/movie/2012/7/4/7/S8544IU47.flv" />
    </m>
    <m label="中央民族大学《常见症状的鉴别诊断与治疗》（更新至3集）">
      <m type="2" label="发热" src="http://mov.bn.netease.com/movie/2012/7/L/J/S8547PFLJ.flv" />
      <m type="2" label="贫血" src="http://mov.bn.netease.com/movie/2012/7/6/Q/S8547VD6Q.flv" />
      <m type="2" label="头痛" src="http://mov.bn.netease.com/movie/2012/7/R/U/S8547U2RU.flv" />
    </m>
    <m label="浙江大学《茶文化与茶健康》">
      <m type="2" label="茶和茶的起源" src="http://mov.bn.netease.com/movie/2012/3/M/7/S7SU7KOM7.flv" />
      <m type="2" label="茶成分与健康" src="http://mov.bn.netease.com/movie/2012/3/E/J/S7SU7MVEJ.flv" />
      <m type="2" label="茶之保健作用" src="http://mov.bn.netease.com/movie/2012/3/L/7/S7SU7J2L7.flv" />
      <m type="2" label="科学饮茶" src="http://mov.bn.netease.com/movie/2012/5/1/4/S8142SF14.flv" />
      <m type="2" label="茶的鉴赏与评定" src="http://mov.bn.netease.com/movie/2012/6/R/N/S827RB3RN.flv" />
      <m type="2" label="茶食品与健康" src="http://mov.bn.netease.com/movie/2012/6/O/5/S83BJPSO5.flv" />
      <m type="2" label="中华茶艺演示" src="http://mov.bn.netease.com/movie/2012/6/G/L/S83TIJFGL.flv" />
    </m>
    <m label="中山大学《饮食与健康》">
      <m type="2" label="宏观营养素与健康" src="http://mov.bn.netease.com/movie/2012/3/C/7/S7T0TM3C7.flv" />
      <m type="2" label="微量营养素与健康" src="http://mov.bn.netease.com/movie/2012/3/G/L/S7T0TL7GL.flv" />
      <m type="2" label="各类食物的营养与安全" src="http://mov.bn.netease.com/movie/2012/3/L/L/S7T0UDELL.flv" />
      <m type="2" label="合理膳食 健康人生" src="http://mov.bn.netease.com/movie/2012/5/T/U/S8142DDTU.flv" />
      <m type="2" label="营养与代谢综合症" src="http://mov.bn.netease.com/movie/2012/6/2/H/S827QRV2H.flv" />
      <m type="2" label="饮食与防癌" src="http://mov.bn.netease.com/movie/2012/6/6/2/S83BJ4D62.flv" />
    </m>
    <m label="中南大学《神经症与心理治疗》">
      <m type="2" label="神经症总论" src="http://mov.bn.netease.com/movie/2012/3/I/1/S7T0T0RI1.flv" />
      <m type="2" label="焦虑症、恐惧症" src="http://mov.bn.netease.com/movie/2012/3/T/B/S7T0T1FTB.flv" />
      <m type="2" label="强迫症、癔症" src="http://mov.bn.netease.com/movie/2012/3/V/C/S7T0T2LVC.flv" />
      <m type="2" label="神经衰弱" src="http://mov.bn.netease.com/movie/2012/5/C/N/S814260CN.flv" />
      <m type="2" label="心理治疗概述" src="http://mov.bn.netease.com/movie/2012/6/7/V/S827S387V.flv" />
      <m type="2" label="常用的心理治疗" src="http://mov.bn.netease.com/movie/2012/6/O/1/S83BKACO1.flv" />
    </m>
    <m label="中南大学《人体解剖学》">
      <m type="2" label="骨" src="http://mov.bn.netease.com/movie/2012/1/Q/2/S7M3MGVQ2.flv" />
      <m type="2" label="肝" src="http://mov.bn.netease.com/movie/2012/1/D/H/S7M3MHCDH.flv" />
      <m type="2" label="肺" src="http://mov.bn.netease.com/movie/2012/1/3/4/S7M3MHP34.flv" />
      <m type="2" label="肾" src="http://mov.bn.netease.com/movie/2012/1/7/6/S7MVHPD76.flv" />
      <m type="2" label="子宫" src="http://mov.bn.netease.com/movie/2012/2/I/U/S7PPQD2IU.flv" />
      <m type="2" label="心" src="http://mov.bn.netease.com/movie/2012/2/2/C/S7QEH7G2C.flv" />
      <m type="2" label="眼" src="http://mov.bn.netease.com/movie/2012/3/D/3/S7RHPLDD3.flv" />
      <m type="2" label="脑" src="http://mov.bn.netease.com/movie/2012/3/U/N/S7RHQ56UN.flv" />
    </m>
    <m label="上海交通大学《眼病的预防与治疗》">
      <m type="2" label="近视眼" src="http://mov.bn.netease.com/movie/2012/1/8/C/S7M3O988C.flv" />
      <m type="2" label="白内障" src="http://mov.bn.netease.com/movie/2012/1/S/U/S7M3OB4SU.flv" />
      <m type="2" label="上睑下垂" src="http://mov.bn.netease.com/movie/2012/2/S/O/S7OLSOASO.flv" />
    </m>
    <m label="中国农业大学《食品与健康》">
      <m type="2" label="粮豆类食品与健康" src="http://mov.bn.netease.com/movie/2012/1/U/H/S7M35J7UH.flv" />
      <m type="2" label="肉类食品与健康" src="http://mov.bn.netease.com/movie/2012/1/C/7/S7M36CDC7.flv" />
      <m type="2" label="蔬菜类食品与健康" src="http://mov.bn.netease.com/movie/2012/1/O/Q/S7N0353OQ.flv" />
      <m type="2" label="健康饮食模式" src="http://mov.bn.netease.com/movie/2012/2/J/P/S7OMA87JP.flv" />
    </m>
  </m>
</list>